{
    "rmse": 0.7396527526135476,
    "mae": 0.5785110405787262,
    "r2": 0.26243235018994393
}