{
    "rmse": 0.6259661673349736,
    "mae": 0.49270680336889056,
    "r2": 0.29268713814154756
}